﻿Designator,Footprint,Quantity,Value,LCSC Part #
"C1, C2, C3, C4, C5, C6, C7, C8",0603,8,100n,C14663
"C10, C11, C9",0603,3,1u,C15849
C12,0603,1,4.7u,C19666
C13,0603,1,22p,C183114
F1,1206,1,500mA,
"H1, H10, H11, H12, H13, H14, H15, H16, H17, H18, H19, H2, H20, H21, H22, H23, H24, H25, H26, H27, H28, H29, H3, H30, H31, H32, H4, H5, H6, H7, H8, H9",HOLE_M2,32,MountingHole,
"J1, J2",USB_C_Receptacle_HRO_TYPE-C-31-M-12,2,USB_C_Receptacle_USB2.0,
J3,JST-SR-4,1,JST,C145956
"J4, J5",PinHeader_1x04_P2.00mm_Vertical,2,Conn_01x04_Socket,
JP1,0603,1,Jumper_2_Open,
JP2,PinHeader_1x02_P2.54mm_Vertical,1,Jumper_2_Open,
"R1, R10, R11, R12, R13, R14, R15, R16, R17, R2, R3, R4, R5, R6, R7, R8, R9",0603,17,100k,C25803
R18,0603,1,1k,C21190
"R19, R20, R21, R22",0603,4,5.1k,C23186
"R23, R24, R25",0603,3,10k,C25804
"R26, R27, R28, R29, R30",0603,5,100,C22775
"SW1, SW10, SW11, SW12, SW13, SW14, SW16, SW17, SW18, SW19, SW2, SW20, SW21, SW22, SW23, SW24, SW25, SW26, SW27, SW28, SW29, SW3, SW30, SW31, SW33, SW35, SW36, SW37, SW38, SW39, SW4, SW40, SW41, SW42, SW43, SW44, SW45, SW46, SW48, SW49, SW5, SW51, SW52, SW53, SW54, SW55, SW56, SW57, SW58, SW59, SW6, SW60, SW61, SW62, SW63, SW64, SW65, SW66, SW67, SW68, SW69, SW7, SW70, SW71, SW72, SW8, SW9",ecs_pad_1U_no_ring,67,EC_SW,
"SW15, SW32, SW47, SW50",ecs_pad_2U_no_ring,4,EC_SW,
SW34,ecs_pad_0.25U_spaced_no_ring,1,EC_SW,
U1,QFN-48-1EP_7x7mm_P0.5mm_EP5.6x5.6mm,1,STM32F401CBUx,C118825
"U2, U3",TSSOP16,2,CD74HC4051PWR,C352826
U4,SOT-23-5,1,OPA340NA,C73479
U5,SOT-23,1,XC6206PxxxMR,C5446
U6,TSOT-23-6_HandSoldering,1,LTC6255IS6TRMPBF_flipped_power,C2057938
U7,TSSOP16,1,74HC4051,C5645
U8,SOT-23-6_Handsoldering,1,SRV05-4,C7420376
Y1,Resonator_SMD_Murata_CSTxExxV-3Pin_3.0x1.1mm,1,8 MHz,C907975
